image,ratio,fold
146,1.0999999999999999,0
2168,7.000000000000001,0
1689,6.800000000000001,0
953,1.4000000000000001,0
2668,8.3,0
2813,9.3,0
1169,17.5,0
187,2.7,0
2397,4.3,0
20,4.3,0
3566,1.4000000000000001,0
331,1.7999999999999998,0
538,5.0,0
1870,15.7,0
2025,1.7999999999999998,0
455,0.6,0
93,5.6000000000000005,0
2267,2.3,0
2465,1.3,0
546,5.8999999999999995,0
2727,9.5,0
2612,6.0,0
1918,1.7000000000000002,0
3592,4.6,0
2148,5.7,0
764,1.3,0
1295,6.3,0
757,2.1999999999999997,0
2307,2.4,0
3719,1.9,0
2459,1.0,0
3196,0.8,0
1041,1.4000000000000001,0
3537,0.0,0
589,6.3,0
1300,0.5,0
928,7.9,0
2949,7.000000000000001,0
3257,0.8999999999999999,0
2341,3.9,0
3893,2.1,0
1788,5.6000000000000005,0
3923,23.799999999999997,0
1852,15.299999999999999,0
2263,2.1999999999999997,0
712,13.3,0
3635,3.4000000000000004,0
2537,1.0999999999999999,0
3320,8.4,0
1278,13.100000000000001,0
2888,6.6000000000000005,0
3292,1.3,0
2444,1.7999999999999998,0
2119,2.5,0
1526,4.2,0
3117,0.8999999999999999,0
1039,12.2,0
2781,1.0,0
1129,14.099999999999998,0
915,4.2,0
3427,0.8999999999999999,0
3852,16.0,0
2325,8.799999999999999,0
2034,5.2,0
3254,0.8,0
3525,2.1,0
564,17.2,0
3503,15.6,0
1826,0.6,0
326,2.9000000000000004,0
3572,12.4,0
3772,3.8,0
1806,6.0,0
3275,4.3,0
2798,5.1,0
2192,22.900000000000002,0
5,3.2,0
2372,2.3,0
2386,0.4,0
339,4.3999999999999995,0
42,1.2,0
2340,1.2,0
278,3.5999999999999996,0
495,11.5,0
54,0.7000000000000001,0
1433,1.7999999999999998,0
1760,3.4000000000000004,0
2711,13.900000000000002,0
389,1.0,0
2071,2.0,0
1393,2.0,0
1829,3.3000000000000003,0
1142,9.5,0
1120,5.8999999999999995,0
1503,1.6,0
3966,4.8,0
1646,0.2,0
885,6.1,0
2160,6.2,0
217,2.0,0
2067,0.8999999999999999,0
2773,4.2,0
2744,3.8,0
3465,10.299999999999999,0
788,0.8,0
1048,4.3999999999999995,0
3568,13.0,0
2006,8.3,0
1712,1.5,0
671,2.5,0
542,6.7,0
1162,4.6,0
1631,4.8,0
3510,1.5,0
135,9.0,0
1881,2.0,0
3567,3.3000000000000003,0
3264,1.5,0
3953,1.5,0
3861,1.4000000000000001,0
3638,1.7000000000000002,0
1158,3.5000000000000004,0
3259,2.1999999999999997,0
3156,2.0,0
595,3.5999999999999996,0
1562,5.3,0
2468,1.6,0
1193,1.6,0
56,3.3000000000000003,0
1781,11.200000000000001,0
3249,7.1,0
2823,12.7,0
3649,0.7000000000000001,0
3582,8.3,0
2056,6.9,0
2720,0.7000000000000001,0
3864,1.9,0
941,2.1,0
2512,1.0999999999999999,0
3445,12.6,0
3689,5.0,0
2801,7.1,0
111,6.4,0
1069,1.6,0
105,4.1000000000000005,0
608,1.6,0
1867,16.400000000000002,0
1141,2.5,0
560,6.1,0
3846,1.2,0
3996,0.8999999999999999,0
2681,6.7,0
3540,6.4,0
1587,6.0,0
900,4.8,0
110,4.9,0
2213,6.9,0
1140,15.4,0
45,6.0,0
3857,4.8,0
1618,2.1,0
3267,0.5,0
3205,1.3,0
3748,3.2,0
3623,15.8,0
907,0.7000000000000001,0
1261,2.5,0
888,1.6,0
237,6.4,0
3831,1.2,0
1990,10.5,0
943,6.0,0
1856,3.5999999999999996,0
2035,8.4,0
629,6.3,0
3666,1.7999999999999998,0
41,2.3,0
1025,1.9,0
3284,6.4,0
3161,2.0,0
1698,6.0,0
2769,7.3999999999999995,0
19,11.799999999999999,0
1472,9.5,0
2899,3.8,0
279,5.7,0
2741,4.9,0
1876,8.4,0
803,1.4000000000000001,0
290,5.6000000000000005,0
2937,1.5,0
2005,1.2,0
2564,0.8,0
1630,3.1,0
2842,3.8,0
2485,3.2,0
799,13.700000000000001,0
311,1.0999999999999999,0
1795,0.7000000000000001,0
264,2.7,0
1324,1.0999999999999999,0
1592,10.2,0
117,2.3,0
3954,3.5000000000000004,0
70,5.2,0
3661,7.3999999999999995,0
1310,17.2,0
615,0.8999999999999999,0
3548,0.3,0
533,21.0,0
3354,3.1,0
2381,4.3,0
2988,3.1,0
726,1.7999999999999998,0
1235,1.6,0
662,4.7,0
1520,7.5,0
2432,1.0999999999999999,0
706,3.2,0
2346,3.5999999999999996,0
1029,8.1,0
610,9.0,0
711,0.8,0
1780,7.3999999999999995,0
362,1.7000000000000002,0
3727,6.800000000000001,0
421,4.5,0
999,7.9,0
3813,5.2,0
2317,2.6,0
1548,18.099999999999998,0
3940,2.1,0
1740,17.2,0
1713,1.6,0
262,1.3,0
853,2.9000000000000004,0
3841,0.2,0
2445,3.5000000000000004,0
3248,1.0999999999999999,0
2162,6.4,0
2890,1.0999999999999999,0
2680,1.0999999999999999,0
2170,1.3,0
1280,4.3999999999999995,0
553,3.5999999999999996,0
1565,5.7,0
3919,0.0,0
3736,2.4,0
1769,2.1999999999999997,0
3929,23.7,0
1801,5.0,0
250,4.0,0
258,1.2,0
2617,3.2,0
3433,7.1,0
1436,4.1000000000000005,0
2648,5.7,0
550,4.6,0
3112,8.7,0
666,0.4,0
1192,3.6999999999999997,0
2401,4.3,0
2435,4.2,0
2220,0.7000000000000001,0
2858,2.7,0
3898,1.4000000000000001,0
1133,1.4000000000000001,0
1797,6.3,0
2693,8.6,0
3838,1.7000000000000002,0
3845,1.5,0
1902,7.199999999999999,0
3428,0.8,0
2382,4.3,0
1059,1.7999999999999998,0
3182,1.9,0
2960,3.8,0
342,15.9,0
802,10.2,0
3856,4.5,0
3777,6.6000000000000005,0
3229,2.1,0
3909,4.0,0
2342,2.5,0
664,0.6,0
940,2.5,0
2850,1.4000000000000001,0
2695,5.0,0
3004,1.7000000000000002,0
246,0.4,0
1054,6.2,0
2569,1.3,0
1030,2.4,0
1953,1.0999999999999999,0
2708,0.5,0
1038,2.9000000000000004,0
205,0.8999999999999999,0
810,3.3000000000000003,0
148,0.8999999999999999,0
1644,3.3000000000000003,0
3208,8.0,0
3753,0.8999999999999999,0
581,42.8,0
3941,10.5,0
427,16.2,0
3039,0.7000000000000001,0
2598,2.5,0
2209,1.4000000000000001,0
536,1.0999999999999999,0
1821,1.2,0
3660,2.1999999999999997,0
3951,3.4000000000000004,0
959,12.4,0
2166,1.9,0
2309,2.5,0
426,0.5,0
2755,1.0,0
1680,3.3000000000000003,0
1506,1.2,0
517,1.3,0
2903,18.4,0
126,11.4,0
1824,5.800000000000001,0
2332,2.8000000000000003,0
1099,2.9000000000000004,0
1975,2.4,0
291,0.8999999999999999,0
2044,5.7,0
713,6.9,0
2574,2.7,0
1021,2.5,0
1944,5.8999999999999995,0
2436,1.0999999999999999,0
2308,1.7999999999999998,0
2371,0.1,0
2835,3.2,0
2767,1.5,0
1026,14.499999999999998,0
2905,0.4,0
2285,8.1,0
3489,0.8999999999999999,0
1178,1.0999999999999999,0
1447,2.4,0
82,8.3,0
232,0.8999999999999999,0
614,0.2,0
3310,11.200000000000001,0
3987,1.9,0
3583,1.6,0
2873,2.6,0
547,2.7,0
1615,1.7000000000000002,0
3362,1.4000000000000001,0
1733,2.0,0
2821,1.3,0
938,7.3,0
1453,3.4000000000000004,0
2586,5.2,0
1401,9.1,0
766,3.3000000000000003,0
1715,1.0999999999999999,0
1832,11.5,0
3879,3.5000000000000004,0
3426,2.6,0
996,11.799999999999999,0
2889,0.4,0
164,34.599999999999994,0
328,8.6,0
1457,5.1,0
3220,2.6,0
456,22.900000000000002,0
1897,3.1,0
820,3.3000000000000003,0
3519,0.6,0
1307,1.3,0
2661,0.3,0
122,3.5000000000000004,0
1319,2.8000000000000003,0
735,1.0999999999999999,0
856,5.800000000000001,0
2712,0.7000000000000001,0
1463,0.4,0
162,4.0,0
3251,3.1,0
1732,4.3999999999999995,0
3654,0.8999999999999999,0
2503,18.7,0
3994,6.3,0
2589,2.0,0
348,1.3,0
2198,3.3000000000000003,0
3959,2.8000000000000003,0
544,1.9,0
1348,10.6,0
1585,0.5,0
1151,2.9000000000000004,0
1599,4.0,0
622,2.3,0
1809,6.5,0
3019,2.8000000000000003,0
2936,1.0,0
2659,45.7,0
2967,0.1,0
1435,8.799999999999999,0
18,10.4,0
965,8.0,0
2845,3.9,0
1312,1.0,0
1,2.1,0
2406,0.8999999999999999,0
2639,3.5000000000000004,0
1032,2.8000000000000003,0
3957,2.1999999999999997,0
2726,7.000000000000001,0
753,2.4,0
2762,0.6,0
3058,0.7000000000000001,0
1853,2.0,0
868,1.5,0
3143,3.5000000000000004,0
428,1.2,0
2669,1.6,0
1369,21.8,0
2513,1.5,0
591,7.3,0
3617,8.3,0
1119,4.1000000000000005,0
2479,4.5,0
2844,1.5,0
2439,7.3999999999999995,0
3211,14.099999999999998,0
1055,5.6000000000000005,0
98,3.2,0
630,1.4000000000000001,0
2520,25.1,0
2951,1.9,0
434,0.4,0
2350,8.6,0
1901,0.8,0
3405,1.7999999999999998,0
2463,0.4,0
2375,0.7000000000000001,0
3751,2.7,0
2848,1.7999999999999998,0
1579,0.8999999999999999,0
2597,2.3,0
2655,2.1,0
2064,18.2,0
2337,5.8999999999999995,0
1388,25.900000000000002,0
2686,6.0,0
2585,17.5,0
1751,2.4,0
2966,5.5,0
3975,0.2,0
864,1.6,0
1762,4.7,0
814,1.7999999999999998,0
465,1.3,0
1677,1.3,0
3305,6.0,0
2074,4.6,0
566,0.8999999999999999,0
2315,0.8,0
2486,0.7000000000000001,0
637,8.1,0
3198,3.0,0
1091,31.900000000000002,0
3081,1.7999999999999998,0
446,4.8,0
113,3.1,0
583,2.1999999999999997,0
3889,6.2,0
1602,1.2,0
256,7.1,0
3694,35.0,0
1396,15.2,0
3918,3.1,0
1007,1.0999999999999999,0
3967,4.2,0
2419,2.9000000000000004,0
2859,1.3,0
2344,0.7000000000000001,0
1451,2.4,0
3297,30.5,0
3739,8.4,0
3559,5.6000000000000005,0
3026,4.6,0
1890,11.600000000000001,0
3483,2.5,0
2852,5.6000000000000005,0
923,14.7,0
801,5.6000000000000005,0
1939,3.4000000000000004,0
2186,2.1999999999999997,0
3327,8.799999999999999,0
3294,5.0,0
2896,2.1999999999999997,0
1182,1.7999999999999998,0
2641,0.8999999999999999,0
1080,1.4000000000000001,0
960,9.1,0
3145,0.4,0
509,6.9,0
3068,6.3,0
3368,13.900000000000002,0
2523,17.8,0
2248,9.1,0
2242,5.1,0
1441,3.5999999999999996,0
3116,3.6999999999999997,0
575,20.7,0
212,9.5,0
1466,0.7000000000000001,0
3943,2.5,0
3625,11.700000000000001,0
2250,3.2,0
1397,4.5,0
3172,9.1,0
3990,1.0,0
948,4.3,0
947,0.8,0
3455,2.3,0
2921,1.7000000000000002,0
104,4.3999999999999995,0
1989,3.5000000000000004,0
3622,0.8,0
3337,6.7,0
392,3.1,0
2278,1.0999999999999999,0
1858,2.0,0
2992,4.1000000000000005,0
3554,7.6,0
2252,6.4,0
2922,4.2,0
3131,7.3999999999999995,0
1549,7.7,0
3553,0.4,0
3022,3.2,0
1985,2.1,0
1662,7.3999999999999995,0
3557,1.7999999999999998,0
2084,5.6000000000000005,0
3877,3.5999999999999996,0
2872,4.8,0
3451,4.5,0
1861,2.7,0
2494,0.8999999999999999,0
613,5.6000000000000005,0
3422,3.9,0
1362,0.3,0
1350,9.6,0
3347,8.3,0
3812,3.3000000000000003,0
2010,0.6,0
755,0.2,0
3731,1.6,0
3816,0.2,0
2981,1.2,0
1475,3.1,0
198,0.6,0
3652,2.3,0
2795,2.4,0
3724,1.7999999999999998,0
230,13.900000000000002,0
130,0.4,0
2083,7.9,0
1015,1.6,0
1056,2.5,0
2608,0.4,0
2398,6.3,0
678,2.4,0
1964,7.3,0
641,1.4000000000000001,0
1269,3.5999999999999996,0
3093,9.2,0
1373,2.8000000000000003,0
1851,1.0999999999999999,0
300,2.0,0
1946,2.3,0
1822,3.5999999999999996,0
332,6.4,0
2075,1.0999999999999999,0
1364,4.7,0
2982,1.6,0
3043,1.0999999999999999,0
101,1.0,0
837,3.1,0
3087,6.800000000000001,0
2021,3.5000000000000004,0
2181,1.9,0
2300,0.7000000000000001,0
1810,1.0999999999999999,0
723,3.1,0
1134,1.4000000000000001,0
2679,8.5,0
1298,9.0,0
2543,1.7000000000000002,0
3480,3.2,0
795,16.5,0
1168,0.1,0
3452,3.0,0
860,2.3,0
3603,29.2,0
1920,7.5,0
181,1.5,0
894,0.8,0
3784,0.6,0
2441,1.0999999999999999,0
1368,3.1,0
1380,2.3,0
2154,7.3,0
1175,4.6,0
3663,7.000000000000001,0
2953,3.8,0
2134,2.5,0
2247,2.1,0
2200,1.2,0
523,11.700000000000001,0
3843,4.1000000000000005,0
1722,15.4,0
2876,0.3,0
556,9.8,0
3894,4.9,0
3328,2.9000000000000004,0
1363,0.7000000000000001,0
2454,2.8000000000000003,0
481,2.1,0
1013,0.6,0
3160,0.2,0
981,0.5,0
3223,3.1,0
2987,19.900000000000002,0
2565,26.200000000000003,0
1076,5.2,0
1045,1.0999999999999999,0
3104,1.9,0
267,3.0,0
3289,5.5,0
1478,2.6,0
3822,3.8,0
3036,2.7,0
3432,9.9,0
3531,0.8999999999999999,0
3236,8.3,0
3408,3.9,0
2568,0.4,0
174,1.4000000000000001,0
1495,12.6,0
3848,51.300000000000004,0
2253,2.6,0
1571,0.7000000000000001,0
3580,8.6,0
1418,6.5,0
1103,1.0,0
11,7.199999999999999,0
639,1.2,0
330,8.200000000000001,0
3319,1.7000000000000002,0
3373,1.9,0
3640,9.4,0
2425,1.4000000000000001,0
2383,2.0,0
3610,0.8999999999999999,0
2860,0.8999999999999999,0
1470,2.1,0
758,2.3,0
1220,2.4,0
2488,2.6,0
3301,10.4,0
1079,1.9,0
3404,9.8,0
3027,7.5,0
3636,4.6,0
158,5.4,0
1170,14.2,0
3334,3.4000000000000004,0
3802,8.5,0
3679,1.9,0
337,3.5000000000000004,0
364,9.8,0
2662,2.3,0
1759,1.0999999999999999,0
1486,1.3,0
2418,5.5,0
2420,21.3,0
1044,4.6,0
99,1.7999999999999998,0
3113,22.7,0
1823,2.7,0
780,2.5,0
696,3.4000000000000004,0
2466,2.0,0
2713,0.3,0
3745,1.0999999999999999,0
1187,0.8,0
2882,1.0,0
1258,0.6,0
1706,6.2,0
2952,8.5,0
796,0.8,0
2864,0.4,0
1735,1.7000000000000002,0
2754,10.5,0
1924,3.9,0
2541,3.6999999999999997,0
3448,2.9000000000000004,0
3293,1.0999999999999999,0
3631,8.200000000000001,0
1276,2.4,0
3218,0.8999999999999999,0
3268,1.5,0
652,1.4000000000000001,0
2929,5.800000000000001,0
3132,1.9,0
3288,4.5,0
3639,28.199999999999996,0
2530,12.8,0
874,1.0,0
3203,12.1,0
2721,1.0,0
2804,0.5,0
3441,2.3,0
366,2.9000000000000004,0
2172,1.6,0
40,0.2,0
1229,8.1,0
931,2.6,0
936,4.2,0
43,0.2,0
3633,8.5,0
3544,2.8000000000000003,0
1763,3.0,0
1943,14.299999999999999,0
1088,6.0,0
3471,8.0,0
3195,5.4,0
2656,10.8,0
411,3.8,0
2208,5.2,0
333,11.4,0
913,6.9,0
335,16.2,0
2595,3.5999999999999996,0
737,0.4,0
1928,5.0,0
1683,4.0,0
1509,1.5,0
3216,1.4000000000000001,0
3154,2.4,0
2224,10.8,0
3286,0.4,0
2553,6.5,0
966,1.5,0
2782,0.6,0
2449,12.7,0
3863,2.6,0
1270,1.4000000000000001,0
2194,7.199999999999999,0
2210,18.9,0
2829,19.1,0
896,6.1,0
2002,15.6,0
1997,1.0,0
2814,5.6000000000000005,0
567,5.4,0
851,31.1,0
2650,1.4000000000000001,0
901,2.6,0
2768,1.5,0
1346,4.8,0
658,3.9,0
351,0.4,0
1977,2.3,0
2689,1.6,0
668,16.1,0
1638,1.4000000000000001,0
2671,1.4000000000000001,0
2895,2.5,0
891,0.6,0
3261,3.2,0
2140,16.900000000000002,0
1128,1.0,0
1423,2.9000000000000004,0
2289,0.8,0
1172,0.7000000000000001,0
3243,2.4,0
1813,5.5,0
2452,6.5,0
3612,1.2,0
514,2.0,0
2749,4.6,0
2450,17.299999999999997,0
3360,7.5,0
3683,7.199999999999999,0
972,8.0,0
1459,4.9,0
2115,2.0,0
1071,2.1,0
569,1.3,0
3672,5.3,1
1563,26.5,1
3986,0.8999999999999999,1
2495,13.100000000000001,1
1299,1.7999999999999998,1
1731,8.9,1
461,3.2,1
676,16.2,1
875,3.4000000000000004,1
307,1.5,1
2120,4.2,1
3265,0.2,1
3647,5.4,1
2304,10.7,1
1198,0.8,1
1929,3.6999999999999997,1
2058,3.1,1
3389,1.2,1
3935,1.6,1
882,2.1999999999999997,1
2138,8.7,1
2399,3.1,1
732,4.9,1
1932,4.5,1
2482,8.4,1
3740,4.1000000000000005,1
720,12.7,1
714,19.3,1
51,8.4,1
2260,2.4,1
3878,2.1999999999999997,1
206,3.1,1
64,7.1,1
597,9.5,1
2808,0.7000000000000001,1
769,5.4,1
1772,0.8999999999999999,1
2126,3.0,1
420,1.7999999999999998,1
3385,0.2,1
576,3.2,1
245,6.7,1
2396,1.6,1
3888,0.7000000000000001,1
2828,5.2,1
2950,3.5999999999999996,1
3412,2.4,1
137,1.7999999999999998,1
865,8.6,1
3972,5.800000000000001,1
988,2.9000000000000004,1
3115,0.8,1
3096,0.5,1
3507,2.3,1
1773,2.9000000000000004,1
239,4.1000000000000005,1
2265,2.7,1
1371,4.7,1
3597,2.1,1
2599,4.3999999999999995,1
2163,3.3000000000000003,1
922,5.5,1
954,3.5000000000000004,1
2031,0.8,1
3227,18.9,1
1180,1.0999999999999999,1
1529,1.0,1
1843,0.5,1
3579,2.1,1
3269,8.0,1
1095,2.1,1
3453,6.7,1
1647,3.0,1
3321,3.8,1
1232,1.5,1
3500,13.8,1
170,10.8,1
742,1.2,1
1995,4.7,1
213,2.6,1
526,6.2,1
2575,4.3,1
1601,1.5,1
2877,16.0,1
3447,4.7,1
3219,45.6,1
2043,1.2,1
1589,3.5000000000000004,1
1894,0.7000000000000001,1
1895,3.8,1
1274,4.2,1
2107,1.0999999999999999,1
3717,2.1999999999999997,1
507,1.9,1
2956,0.7000000000000001,1
703,1.3,1
1820,1.2,1
3934,1.2,1
442,5.8999999999999995,1
3492,1.4000000000000001,1
3648,1.6,1
2393,3.2,1
3769,0.6,1
2719,0.6,1
2430,0.2,1
318,0.3,1
2944,1.3,1
2843,8.3,1
2039,4.6,1
2635,1.3,1
112,2.8000000000000003,1
2207,7.3999999999999995,1
2384,4.9,1
200,12.2,1
87,47.3,1
2229,2.7,1
3207,5.7,1
470,5.6000000000000005,1
294,3.6999999999999997,1
2319,1.0,1
1053,6.2,1
3092,4.9,1
1093,10.5,1
1326,1.0,1
2001,14.299999999999999,1
3825,0.4,1
2087,0.5,1
1284,6.7,1
1196,5.4,1
2,3.3000000000000003,1
2746,14.499999999999998,1
765,2.0,1
3155,0.8999999999999999,1
1863,7.9,1
2846,0.8999999999999999,1
1288,2.0,1
1464,2.9000000000000004,1
548,1.0,1
513,4.5,1
3394,8.6,1
127,3.2,1
3598,3.9,1
1498,9.700000000000001,1
1314,0.4,1
2037,2.7,1
1539,7.3999999999999995,1
3035,0.3,1
1768,4.1000000000000005,1
751,6.7,1
2685,1.9,1
1212,5.7,1
593,1.6,1
3963,1.0,1
2029,0.8999999999999999,1
2691,4.3,1
3677,1.9,1
2167,0.2,1
1974,9.700000000000001,1
2624,3.9,1
3201,3.8,1
2684,1.3,1
2407,2.1,1
1645,6.5,1
3048,1.2,1
2180,5.1,1
740,1.6,1
2365,3.3000000000000003,1
439,2.1,1
2615,4.0,1
3875,6.5,1
3571,9.2,1
964,5.0,1
3803,19.6,1
789,0.5,1
2926,1.4000000000000001,1
699,1.6,1
3684,2.5,1
3199,17.2,1
3820,43.2,1
1807,1.3,1
3759,1.0999999999999999,1
1804,3.5999999999999996,1
3904,2.1,1
2697,2.6,1
759,1.0,1
1507,9.3,1
3873,1.0999999999999999,1
3361,3.5000000000000004,1
625,5.6000000000000005,1
2643,10.9,1
2490,1.0,1
3980,13.0,1
3253,12.6,1
3865,3.5999999999999996,1
197,27.800000000000004,1
2972,15.5,1
142,0.7000000000000001,1
2878,8.4,1
3170,2.6,1
2287,1.0,1
2893,3.2,1
1125,8.4,1
1721,9.0,1
447,9.3,1
1117,5.7,1
2540,5.6000000000000005,1
118,14.799999999999999,1
3141,2.7,1
2331,17.8,1
2427,1.4000000000000001,1
1461,2.8000000000000003,1
787,0.1,1
2254,2.9000000000000004,1
3655,2.6,1
1883,0.8999999999999999,1
47,2.6,1
3513,6.9,1
2507,4.5,1
3055,1.0,1
2649,0.8999999999999999,1
635,2.0,1
2596,3.4000000000000004,1
1444,11.799999999999999,1
2694,3.5000000000000004,1
1206,9.700000000000001,1
276,3.6999999999999997,1
503,3.3000000000000003,1
253,3.0,1
107,12.8,1
1905,3.3000000000000003,1
771,4.5,1
3697,3.8,1
2907,1.2,1
3094,1.6,1
133,17.8,1
3547,15.4,1
863,2.6,1
2217,10.299999999999999,1
910,1.0999999999999999,1
452,7.5,1
3002,9.2,1
1625,2.3,1
3746,1.0,1
3470,5.7,1
534,6.3,1
3444,1.9,1
88,8.799999999999999,1
3570,3.2,1
23,0.8999999999999999,1
1501,3.5000000000000004,1
2185,7.199999999999999,1
3658,17.9,1
3090,3.0,1
2437,1.3,1
2296,2.0,1
2687,2.8000000000000003,1
818,0.3,1
3723,2.8000000000000003,1
971,3.9,1
535,2.5,1
3869,0.5,1
2701,3.5000000000000004,1
800,6.0,1
2542,2.7,1
3175,2.7,1
2678,0.7000000000000001,1
2645,0.7000000000000001,1
2092,7.1,1
1437,1.2,1
1761,5.3,1
2868,2.3,1
1871,1.2,1
2820,0.4,1
141,0.2,1
224,2.8000000000000003,1
314,1.0999999999999999,1
1794,15.299999999999999,1
489,5.7,1
1366,12.9,1
1667,12.7,1
2932,1.9,1
1728,1.7999999999999998,1
1424,14.299999999999999,1
3411,3.5999999999999996,1
2272,1.7999999999999998,1
2874,2.1999999999999997,1
895,0.1,1
3781,0.3,1
504,1.6,1
79,3.5000000000000004,1
2578,2.1999999999999997,1
3645,38.5,1
3097,0.7000000000000001,1
2230,8.799999999999999,1
1265,5.2,1
2962,0.8999999999999999,1
3698,1.2,1
1429,1.9,1
2576,3.9,1
1559,11.200000000000001,1
2717,5.4,1
657,5.800000000000001,1
634,2.4,1
716,0.6,1
3783,1.7000000000000002,1
754,2.7,1
3240,1.0999999999999999,1
2036,1.3,1
1793,10.5,1
1914,1.7999999999999998,1
344,3.3000000000000003,1
1696,1.4000000000000001,1
691,2.8000000000000003,1
386,1.0,1
1163,16.2,1
3153,2.1,1
2556,8.1,1
2706,1.7000000000000002,1
3797,3.6999999999999997,1
211,3.1,1
1783,8.200000000000001,1
2735,1.3,1
1640,6.6000000000000005,1
3037,2.0,1
1483,7.5,1
3836,0.6,1
1868,1.0999999999999999,1
501,1.7000000000000002,1
2709,2.8000000000000003,1
298,10.2,1
3174,7.7,1
2243,6.6000000000000005,1
1737,3.1,1
22,3.9,1
1439,3.6999999999999997,1
2705,1.4000000000000001,1
3287,14.099999999999998,1
2975,7.5,1
2562,1.4000000000000001,1
695,1.0,1
2280,1.2,1
2759,3.9,1
2121,4.9,1
1339,1.0999999999999999,1
2428,26.5,1
1227,1.3,1
812,19.0,1
2914,5.2,1
2837,3.0,1
1727,12.8,1
35,10.8,1
3439,3.1,1
208,5.1,1
2111,7.7,1
1272,8.4,1
3607,14.7,1
2277,1.5,1
2579,0.6,1
1522,0.5,1
1564,7.3999999999999995,1
370,7.6,1
1090,8.6,1
3046,3.5000000000000004,1
1020,1.4000000000000001,1
4,2.6,1
1860,5.7,1
3517,1.0999999999999999,1
3805,5.5,1
3855,2.3,1
775,5.4,1
1711,0.6,1
2667,1.7999999999999998,1
2603,0.8,1
3144,3.0,1
289,7.3,1
1919,1.4000000000000001,1
2326,3.5999999999999996,1
3896,6.5,1
400,6.5,1
1334,4.3,1
655,1.7999999999999998,1
354,0.8999999999999999,1
448,1.3,1
1043,1.5,1
3434,5.0,1
1488,2.4,1
2142,0.8999999999999999,1
185,0.1,1
2165,2.6,1
3446,13.700000000000001,1
2080,0.5,1
2279,1.4000000000000001,1
2447,1.0,1
2583,9.0,1
369,4.2,1
363,13.200000000000001,1
3332,4.5,1
2728,1.9,1
2236,11.799999999999999,1
1850,2.1999999999999997,1
3725,6.2,1
2471,2.4,1
1847,8.5,1
3263,0.6,1
1546,4.1000000000000005,1
2387,37.8,1
2062,6.0,1
1538,2.5,1
2738,4.3,1
1606,1.0,1
3575,2.0,1
1421,1.9,1
2355,5.6000000000000005,1
2551,0.3,1
1456,2.9000000000000004,1
1908,4.9,1
3014,0.2,1
134,1.4000000000000001,1
3085,1.3,1
2484,2.6,1
3244,9.0,1
2404,0.6,1
573,2.7,1
1150,1.9,1
319,4.2,1
3336,1.5,1
3711,0.8999999999999999,1
3890,4.8,1
2779,1.3,1
2559,2.1,1
1830,44.6,1
2683,15.4,1
2360,10.6,1
532,2.9000000000000004,1
848,2.1999999999999997,1
1440,2.8000000000000003,1
1230,5.5,1
3303,14.2,1
1382,2.0,1
728,0.4,1
1639,2.6,1
234,1.9,1
1173,1.5,1
1586,2.3,1
2941,1.9,1
899,1.6,1
985,3.2,1
1524,10.5,1
2642,1.5,1
3070,3.5999999999999996,1
2171,2.3,1
528,1.4000000000000001,1
320,8.3,1
2817,6.9,1
361,12.4,1
2826,3.8,1
3497,1.2,1
1420,13.3,1
1609,8.6,1
3556,6.7,1
220,3.4000000000000004,1
2320,2.5,1
438,5.6000000000000005,1
3194,2.8000000000000003,1
3814,1.4000000000000001,1
667,12.0,1
3692,1.3,1
2215,4.7,1
2090,4.2,1
1248,3.5000000000000004,1
2159,1.7999999999999998,1
1328,2.5,1
3897,9.9,1
1906,4.5,1
2525,13.5,1
3049,1.2,1
3761,5.800000000000001,1
178,16.900000000000002,1
2724,1.7000000000000002,1
1845,1.5,1
3767,5.6000000000000005,1
2984,3.0,1
1569,0.8,1
2032,2.7,1
131,14.299999999999999,1
1414,35.6,1
955,35.5,1
2135,10.6,1
3283,3.3000000000000003,1
3791,1.6,1
1837,1.7999999999999998,1
1500,1.7999999999999998,1
2911,1.5,1
710,8.6,1
2259,1.5,1
1701,4.6,1
223,13.4,1
30,0.2,1
2212,1.0999999999999999,1
2745,28.499999999999996,1
2547,4.9,1
1390,0.5,1
879,1.9,1
2861,0.8,1
1787,3.8,1
2343,0.8999999999999999,1
3917,4.3,1
1515,2.9000000000000004,1
1214,1.0999999999999999,1
2271,1.0999999999999999,1
1708,14.099999999999998,1
1017,2.9000000000000004,1
2069,1.0,1
1293,1.3,1
989,4.1000000000000005,1
1395,2.3,1
1009,16.0,1
2626,2.7,1
3892,6.5,1
1109,0.5,1
821,6.800000000000001,1
2117,3.9,1
3190,1.3,1
2830,0.6,1
2588,1.7999999999999998,1
3991,3.4000000000000004,1
2125,0.4,1
2521,0.8999999999999999,1
2335,10.8,1
2268,1.9,1
2675,11.200000000000001,1
2261,1.3,1
2839,3.5999999999999996,1
958,1.0,1
1343,1.6,1
3299,4.3999999999999995,1
2470,1.0999999999999999,1
1916,4.7,1
2797,3.0,1
2357,4.7,1
2255,2.0,1
3472,0.8999999999999999,1
1077,1.4000000000000001,1
983,3.2,1
552,15.6,1
1317,10.5,1
2529,6.6000000000000005,1
3989,0.3,1
2203,0.5,1
3349,0.3,1
3628,2.9000000000000004,1
2153,5.4,1
36,1.5,1
1137,13.3,1
1632,1.4000000000000001,1
3233,2.0,1
3149,4.3999999999999995,1
172,3.6999999999999997,1
3729,4.7,1
3773,1.0999999999999999,1
967,2.1999999999999997,1
3146,1.0,1
2505,5.7,1
1311,0.3,1
3399,2.9000000000000004,1
3506,1.7000000000000002,1
645,2.4,1
884,0.2,1
1967,3.9,1
2766,11.600000000000001,1
2109,33.900000000000006,1
2544,3.3000000000000003,1
114,5.7,1
692,17.7,1
3281,2.3,1
190,3.8,1
381,2.9000000000000004,1
2347,7.8,1
1285,4.5,1
813,1.7999999999999998,1
2535,9.3,1
3397,7.5,1
266,4.8,1
1443,0.7000000000000001,1
2638,1.4000000000000001,1
3209,3.8,1
694,10.100000000000001,1
3341,2.1999999999999997,1
368,2.4,1
877,4.2,1
1682,8.0,1
846,14.099999999999998,1
301,4.8,1
462,10.9,1
1658,2.6,1
1370,6.6000000000000005,1
3129,1.6,1
505,3.5000000000000004,1
1337,2.8000000000000003,1
1126,8.3,1
1033,4.9,1
3587,7.1,1
829,1.5,1
1921,1.5,1
1096,5.7,1
2931,14.399999999999999,1
3809,4.0,1
260,1.0999999999999999,1
3053,1.6,1
272,9.3,1
1082,1.2,1
4000,1.6,1
1885,8.7,1
957,1.0,1
3089,6.5,1
1535,0.6,1
3478,4.6,1
741,2.7,1
3114,4.8,1
590,8.7,1
562,3.6999999999999997,1
2049,2.0,1
3818,1.5,1
3464,7.199999999999999,1
2228,0.8999999999999999,1
3080,2.7,1
2292,2.3,1
1836,12.6,1
1817,0.8,1
1349,1.3,1
1603,1.2,1
1050,4.5,1
3970,1.7999999999999998,1
1398,2.0,1
3775,2.9000000000000004,1
3163,4.5,1
3369,3.5000000000000004,1
1040,0.4,1
3121,24.0,1
3401,7.9,1
2786,1.0999999999999999,1
2474,1.3,1
280,6.4,1
2351,1.0999999999999999,1
3139,0.8999999999999999,1
476,1.6,1
2219,7.9,1
2792,7.6,1
3529,1.0999999999999999,1
1818,1.2,1
3903,1.9,1
3128,1.7000000000000002,1
1174,10.6,1
926,21.9,1
1756,3.5000000000000004,1
717,4.2,1
1171,4.3999999999999995,1
2480,11.1,1
816,3.0,1
3624,0.2,1
512,1.6,1
163,10.9,1
2715,2.1,1
180,0.5,1
3563,21.3,1
628,23.599999999999998,1
1400,1.0,1
91,7.3,1
3393,5.6000000000000005,1
3484,1.3,1
317,1.6,1
3744,3.5999999999999996,1
3000,1.6,1
9,1.0,1
3662,1.0999999999999999,1
14,1.9,1
2240,30.3,1
2225,0.8999999999999999,1
3577,2.1,1
3508,4.9,1
3152,1.7000000000000002,1
313,0.7000000000000001,1
621,1.7999999999999998,1
2085,1.9,1
2938,3.6999999999999997,1
2538,6.6000000000000005,1
422,2.3,1
1723,0.8,1
920,1.7000000000000002,1
1292,2.9000000000000004,1
1147,0.1,1
651,8.200000000000001,1
3151,3.2,1
2622,6.0,1
2015,5.8999999999999995,1
154,0.6,1
1132,1.0,1
433,1.2,1
160,12.4,1
3637,6.2,1
3526,2.1,1
2855,0.7000000000000001,1
1604,7.8,1
376,0.2,1
2110,1.0,1
511,2.1999999999999997,1
293,0.3,1
3983,0.6,1
2524,5.800000000000001,1
2204,5.3,1
1223,4.2,1
312,1.9,1
3581,2.0,1
2286,2.0,1
2654,1.6,1
2806,1.0999999999999999,1
2377,17.2,1
3079,2.1999999999999997,1
828,4.9,1
648,1.4000000000000001,1
3084,2.1,1
2251,11.700000000000001,1
2245,2.8000000000000003,1
1340,3.8,1
697,1.2,1
701,2.3,1
478,11.5,1
3776,4.7,1
924,6.3,1
3120,2.8000000000000003,1
805,8.5,1
1583,3.1,1
2366,0.5,1
998,4.1000000000000005,1
2815,8.7,1
2527,2.7,1
3072,1.7999999999999998,1
747,1.7000000000000002,1
2955,0.5,1
555,1.7999999999999998,1
3262,5.0,1
2763,0.3,1
16,17.299999999999997,1
904,12.9,1
3830,0.3,1
2306,8.3,1
1886,2.0,1
129,7.3,1
3488,1.9,1
418,7.000000000000001,1
1431,1.5,1
78,8.200000000000001,1
752,5.5,1
1199,2.1999999999999997,1
1672,3.1,1
510,3.3000000000000003,1
3981,1.2,1
2886,20.8,1
1405,1.2,1
3730,3.8,1
893,0.5,1
1879,9.9,1
1578,1.0999999999999999,1
1404,0.2,1
249,5.7,1
2026,0.8,1
2227,1.3,1
3926,0.2,1
2971,5.8999999999999995,1
17,0.6,1
1653,0.5,1
3317,1.6,1
831,2.9000000000000004,1
600,1.0,1
273,4.3,1
3718,6.3,1
1904,0.7000000000000001,1
1226,0.8,1
3276,19.6,1
2925,16.2,1
3256,2.8000000000000003,1
3899,13.5,1
3930,1.2,1
3367,1.0999999999999999,1
1000,3.1,1
1875,12.2,1
3905,0.2,1
1060,1.4000000000000001,1
2920,8.200000000000001,1
2902,1.4000000000000001,1
680,11.1,1
1477,0.8,1
1203,1.0999999999999999,1
3794,1.0,1
2222,3.3000000000000003,1
3158,1.4000000000000001,1
3073,2.4,1
227,5.8999999999999995,1
49,1.7999999999999998,1
1872,2.8000000000000003,1
155,19.900000000000002,2
1750,5.6000000000000005,2
3086,3.1,2
321,4.3,2
74,5.0,2
1411,1.3,2
3673,0.6,2
1154,4.9,2
1221,4.6,2
2410,0.3,2
1536,0.7000000000000001,2
3720,1.5,2
881,2.5,2
1266,18.9,2
2405,10.8,2
449,18.0,2
2632,1.3,2
1634,5.4,2
124,7.8,2
3348,3.5000000000000004,2
1911,2.6,2
819,1.7999999999999998,2
1960,2.3,2
3060,22.8,2
1487,2.8000000000000003,2
1973,0.0,2
3874,1.4000000000000001,2
1264,8.6,2
3314,1.7999999999999998,2
3044,13.700000000000001,2
840,8.9,2
1271,0.8,2
889,0.4,2
1903,63.3,2
2630,1.3,2
1567,6.7,2
2789,25.2,2
1738,2.0,2
44,3.1,2
3764,6.7,2
28,7.3999999999999995,2
292,16.3,2
914,4.7,2
3215,3.3000000000000003,2
3346,1.5,2
1819,4.3999999999999995,2
1614,0.3,2
1361,9.3,2
2457,4.2,2
1086,1.2,2
2663,1.7000000000000002,2
1244,1.5,2
3977,3.5000000000000004,2
2161,7.9,2
2072,17.9,2
2796,21.7,2
3533,3.9,2
395,2.1999999999999997,2
3549,29.9,2
2771,7.3,2
2392,1.7000000000000002,2
3528,4.3,2
1450,2.4,2
3179,3.3000000000000003,2
3629,2.5,2
570,1.6,2
2501,10.8,2
3396,2.1999999999999997,2
457,2.0,2
3242,14.799999999999999,2
3613,4.2,2
516,1.7000000000000002,2
2106,4.0,2
432,4.6,2
1413,1.4000000000000001,2
303,2.3,2
609,24.6,2
2799,18.4,2
2707,5.4,2
2611,7.3999999999999995,2
1432,1.7999999999999998,2
3496,0.3,2
2281,7.6,2
2785,7.000000000000001,2
1279,3.2,2
132,2.0,2
1516,7.9,2
3562,22.6,2
859,0.4,2
1458,3.4000000000000004,2
247,2.0,2
147,7.5,2
2093,3.4000000000000004,2
2146,1.0,2
1385,10.5,2
642,3.5000000000000004,2
1027,4.3999999999999995,2
166,7.5,2
2730,1.0999999999999999,2
3457,3.6999999999999997,2
961,0.1,2
3098,3.1,2
1519,13.5,2
1607,4.5,2
168,13.200000000000001,2
2183,17.299999999999997,2
1542,0.2,2
2995,2.0,2
2030,10.8,2
1777,3.8,2
2778,13.3,2
3245,4.3,2
480,1.5,2
636,0.6,2
1061,1.6,2
243,19.2,2
806,2.7,2
733,1.4000000000000001,2
1186,4.5,2
485,1.9,2
2692,3.4000000000000004,2
2573,7.5,2
1138,7.5,2
1474,9.0,2
3165,0.8,2
3542,1.9,2
582,7.199999999999999,2
397,0.2,2
3442,13.900000000000002,2
1485,0.7000000000000001,2
2008,0.7000000000000001,2
670,12.8,2
393,5.6000000000000005,2
540,1.7999999999999998,2
3418,0.6,2
3280,0.2,2
992,3.9,2
2760,5.7,2
2930,36.7,2
3260,0.8999999999999999,2
1702,3.4000000000000004,2
1840,0.6,2
231,1.4000000000000001,2
3971,1.0999999999999999,2
425,11.600000000000001,2
349,0.8999999999999999,2
1582,5.800000000000001,2
1952,3.4000000000000004,2
1966,2.6,2
3306,2.4,2
388,3.9,2
949,2.7,2
1502,12.4,2
3641,0.2,2
3626,4.9,2
3312,2.4,2
2496,2.1999999999999997,2
1747,2.7,2
1869,4.9,2
1629,5.4,2
37,4.3,2
3325,2.9000000000000004,2
2657,5.5,2
1164,2.4,2
2464,2.0,2
2394,40.699999999999996,2
2637,1.5,2
1428,1.9,2
1425,5.7,2
2628,3.3000000000000003,2
1222,2.1,2
3620,1.4000000000000001,2
2927,2.1,2
1862,7.5,2
1675,7.8,2
2440,38.3,2
2291,2.3,2
3871,4.5,2
3030,5.0,2
1709,1.3,2
1913,7.1,2
347,1.2,2
1597,1.6,2
3074,19.3,2
3806,3.6999999999999997,2
7,14.2,2
3309,0.4,2
2323,2.3,2
3056,6.0,2
968,2.1,2
1596,3.0,2
305,5.6000000000000005,2
3395,13.900000000000002,2
619,4.2,2
1081,5.1,2
483,19.3,2
2173,3.0,2
824,5.2,2
2491,3.5000000000000004,2
1064,18.099999999999998,2
3695,2.0,2
3596,2.1,2
1693,1.5,2
1566,7.3999999999999995,2
3003,0.8,2
3076,4.3,2
401,0.6,2
2385,10.6,2
2040,3.3000000000000003,2
1982,5.5,2
2408,1.0999999999999999,2
934,0.7000000000000001,2
1157,1.7999999999999998,2
731,2.3,2
807,0.1,2
794,11.4,2
1127,0.7000000000000001,2
2353,8.3,2
2322,26.700000000000003,2
2703,5.4,2
459,4.0,2
176,0.4,2
2130,1.9,2
1302,1.0999999999999999,2
2954,1.2,2
2100,2.4,2
1005,7.1,2
832,0.6,2
3118,0.3,2
3450,26.400000000000002,2
2091,15.0,2
1438,10.4,2
2256,1.0999999999999999,2
2658,6.3,2
1188,6.5,2
1004,1.7999999999999998,2
3502,6.4,2
2443,1.0,2
1848,2.1,2
1208,2.5,2
3974,12.7,2
3403,0.5,2
3611,8.7,2
1010,5.7,2
3854,4.0,2
2908,1.0999999999999999,2
1812,10.9,2
2620,3.5000000000000004,2
3752,0.4,2
1252,5.800000000000001,2
933,1.3,2
1104,7.7,2
3316,1.4000000000000001,2
3835,5.6000000000000005,2
3282,4.2,2
1937,7.5,2
2046,16.6,2
1467,0.8999999999999999,2
1399,13.200000000000001,2
1671,2.1999999999999997,2
980,2.4,2
228,15.7,2
563,5.4,2
797,9.9,2
403,11.0,2
484,11.700000000000001,2
3378,3.9,2
2958,1.3,2
67,3.5000000000000004,2
491,10.8,2
2732,0.4,2
815,0.5,2
86,10.6,2
341,1.6,2
1254,1.2,2
2702,7.9,2
3177,0.4,2
2055,19.6,2
3576,1.7000000000000002,2
685,1.0,2
2189,1.4000000000000001,2
1626,5.7,2
3851,0.8,2
902,1.5,2
1884,10.7,2
3523,22.2,2
3961,0.8,2
2834,0.8,2
3095,0.5,2
3627,0.8999999999999999,2
2143,7.000000000000001,2
1114,7.5,2
1811,1.4000000000000001,2
2674,3.5999999999999996,2
3353,12.6,2
1739,1.7000000000000002,2
1699,3.9,2
2275,0.6,2
871,1.7999999999999998,2
1674,1.6,2
3601,0.7000000000000001,2
2414,9.1,2
3678,20.599999999999998,2
1287,4.8,2
539,2.4,2
1570,9.1,2
659,1.7999999999999998,2
2018,9.6,2
3910,9.4,2
3850,2.4,2
145,6.1,2
3734,0.5,2
2945,0.8999999999999999,2
2235,1.0999999999999999,2
2007,29.9,2
1544,7.7,2
1778,1.6,2
2819,2.5,2
762,2.1,2
3123,4.8,2
1685,0.8999999999999999,2
1792,1.5,2
3033,1.5,2
3821,0.1,2
2863,1.0,2
598,5.7,2
3561,14.499999999999998,2
2716,1.2,2
1249,1.7999999999999998,2
3041,1.0999999999999999,2
385,1.5,2
1718,2.7,2
3345,7.8,2
1335,4.3,2
2128,1.4000000000000001,2
2627,1.3,2
2977,3.8,2
3425,4.1000000000000005,2
524,11.5,2
2725,12.9,2
2114,0.4,2
1195,4.2,2
1067,3.5000000000000004,2
1153,4.1000000000000005,2
2761,5.1,2
3107,10.2,2
705,5.0,2
1123,0.8,2
1179,16.7,2
235,3.1,2
2518,0.4,2
3391,3.1,2
825,10.100000000000001,2
1719,1.0999999999999999,2
463,0.3,2
3475,1.0,2
673,4.9,2
1290,2.6,2
3231,6.5,2
2590,16.400000000000002,2
1051,0.3,2
3166,0.2,2
1305,5.3,2
254,1.3,2
592,3.0,2
2787,18.6,2
3810,7.3,2
3998,8.9,2
2775,1.0,2
3490,1.7999999999999998,2
1530,6.2,2
2453,10.299999999999999,2
3375,0.8999999999999999,2
721,10.100000000000001,2
2014,4.7,2
2367,3.9,2
3062,7.5,2
930,1.0,2
1880,2.3,2
2610,9.2,2
3460,1.2,2
215,0.5,2
1098,9.2,2
897,14.099999999999998,2
606,9.700000000000001,2
3359,2.6,2
3839,2.0,2
15,3.3000000000000003,2
1118,1.7999999999999998,2
306,1.4000000000000001,2
259,1.3,2
1666,13.200000000000001,2
3755,3.4000000000000004,2
1978,2.7,2
1782,6.0,2
3668,2.9000000000000004,2
1779,1.9,2
2370,0.8999999999999999,2
3539,4.1000000000000005,2
450,4.3,2
3780,0.2,2
3691,5.800000000000001,2
908,1.9,2
2862,4.3,2
3237,14.2,2
653,1.5,2
1491,0.8,2
611,0.7000000000000001,2
424,2.4,2
3591,14.6,2
2016,1.4000000000000001,2
2497,6.5,2
475,3.5000000000000004,2
2264,11.200000000000001,2
2190,13.600000000000001,2
3091,22.400000000000002,2
2776,3.3000000000000003,2
2054,8.0,2
487,2.1,2
3499,0.6,2
984,24.0,2
2023,7.6,2
2605,3.8,2
460,4.0,2
1131,1.4000000000000001,2
1277,0.4,2
2884,7.6,2
549,5.3,2
3106,1.2,2
502,3.1,2
2910,23.599999999999998,2
3782,0.8999999999999999,2
1948,4.3999999999999995,2
2048,4.2,2
2584,20.7,2
2644,2.0,2
1322,4.0,2
1176,3.8,2
3787,4.3999999999999995,2
2234,10.4,2
1514,5.1,2
2718,5.5,2
858,0.8,2
2989,1.9,2
2060,4.9,2
525,2.1999999999999997,2
2803,1.9,2
3407,2.1,2
3742,2.4,2
2226,7.9,2
2973,2.5,2
3130,0.8,2
3343,2.4,2
3474,4.8,2
830,1.3,2
738,4.8,2
3357,1.3,2
1402,8.7,2
360,6.6000000000000005,2
1217,6.4,2
2879,0.8,2
991,24.3,2
3594,3.5000000000000004,2
3486,1.4000000000000001,2
139,2.7,2
2295,2.7,2
1268,6.4,2
890,21.0,2
2221,4.3,2
406,3.6999999999999997,2
1958,1.0,2
1770,13.0,2
661,1.9,2
2131,0.8,2
2345,1.6,2
2646,2.5,2
1036,1.0999999999999999,2
929,10.2,2
435,4.0,2
3142,0.4,2
543,6.800000000000001,2
53,8.5,2
1784,1.7999999999999998,2
304,1.4000000000000001,2
3344,9.6,2
1842,3.5999999999999996,2
2838,7.9,2
3355,3.1,2
3414,1.2,2
1994,4.3999999999999995,2
1419,1.4000000000000001,2
1816,4.1000000000000005,2
2710,3.5000000000000004,2
1442,0.8,2
1344,1.3,2
3534,10.4,2
3928,4.0,2
1665,4.5,2
3127,6.6000000000000005,2
2293,3.8,2
1449,7.5,2
744,1.5,2
2462,2.8000000000000003,2
2191,3.2,2
3054,1.0999999999999999,2
3606,0.2,2
242,2.7,2
1844,5.6000000000000005,2
1657,2.3,2
2696,2.1999999999999997,2
779,8.9,2
3067,3.0,2
2339,8.200000000000001,2
1642,7.3,2
2473,5.8999999999999995,2
646,1.3,2
951,1.0999999999999999,2
3766,9.5,2
3938,4.3,2
1354,1.2,2
3351,6.5,2
1139,4.3,2
1374,0.3,2
2324,4.6,2
2790,19.400000000000002,2
3770,1.0999999999999999,2
2429,1.9,2
2391,1.4000000000000001,2
772,0.8999999999999999,2
323,4.7,2
2423,3.5000000000000004,2
1746,6.7,2
2506,5.2,2
2201,4.9,2
2456,1.3,2
2195,2.7,2
1115,6.0,2
1912,0.0,2
1504,2.6,2
647,5.4,2
1416,11.1,2
1465,51.4,2
3042,1.7000000000000002,2
271,15.0,2
2546,0.8999999999999999,2
1988,6.4,2
106,1.2,2
261,5.8999999999999995,2
3545,4.5,2
1753,3.3000000000000003,2
3234,6.1,2
3109,5.0,2
3704,2.6,2
3560,2.9000000000000004,2
2757,0.4,2
584,14.6,2
2388,6.0,2
2461,6.7,2
1321,1.0,2
1267,1.7000000000000002,2
3602,1.0,2
1409,1.9,2
2266,1.9,2
3565,3.5000000000000004,2
412,3.5999999999999996,2
1146,5.1,2
2750,2.5,2
25,0.7000000000000001,2
784,1.0,2
1239,7.7,2
310,2.6,2
2516,0.5,2
1864,2.3,2
3585,7.3,2
2871,1.0,2
1789,8.5,2
2211,10.0,2
3376,7.3,2
3398,0.6,2
3463,0.8,2
474,2.8000000000000003,2
912,3.6999999999999997,2
993,5.2,2
1403,2.0,2
3210,2.0,2
3031,1.6,2
3530,2.9000000000000004,2
3779,1.7000000000000002,2
1857,7.3999999999999995,2
3616,5.2,2
3374,3.1,2
561,0.8,2
3235,0.4,2
6,1.0,2
3188,2.0,2
3366,2.9000000000000004,2
50,1.5,2
1898,1.2,2
3057,2.9000000000000004,2
1854,1.7000000000000002,2
1156,5.0,2
3493,0.8999999999999999,2
3431,1.2,2
377,9.0,2
3379,2.0,2
186,4.5,2
1889,0.5,2
3710,1.5,2
2438,4.3999999999999995,2
791,16.400000000000002,2
350,0.4,2
616,3.9,2
3789,0.4,2
3925,7.199999999999999,2
3827,3.6999999999999997,2
918,1.0,2
3324,2.6,2
1568,14.2,2
2057,0.6,2
1878,2.9000000000000004,2
2690,1.5,2
73,1.5,2
1523,1.7999999999999998,2
216,1.5,2
3122,10.2,2
2487,0.8,2
1650,7.3,2
1927,0.8999999999999999,2
942,1.6,2
2053,0.5,2
1668,0.4,2
2299,2.0,2
1581,4.7,2
1201,1.5,2
413,1.7999999999999998,2
150,1.7000000000000002,2
2729,5.2,2
3524,3.1,2
2364,1.7000000000000002,2
1063,7.1,2
2699,2.6,2
1260,7.9,2
3454,18.9,2
2660,1.7999999999999998,2
3913,0.2,2
451,7.199999999999999,2
1094,2.9000000000000004,2
3621,1.7000000000000002,2
3997,1.7999999999999998,2
372,0.1,2
3962,2.3,2
2780,1.5,2
268,3.0,2
494,5.8999999999999995,2
3176,15.1,2
689,16.3,2
2969,3.6999999999999997,2
2923,2.8000000000000003,2
3737,1.3,2
1992,0.1,2
3440,0.4,2
3010,1.6,2
1971,11.4,2
472,2.5,2
3690,1.0,2
3029,54.6,2
2647,2.0,2
26,4.0,2
1969,8.3,2
1962,2.9000000000000004,2
1896,16.1,2
3016,5.800000000000001,2
2283,14.000000000000002,2
3644,24.099999999999998,2
2602,8.9,2
541,3.9,2
3239,1.2,2
443,2.1999999999999997,2
599,2.1,2
3578,2.0,2
3671,0.7000000000000001,2
1479,3.0,2
3005,5.3,2
2784,0.3,2
522,3.5000000000000004,2
12,17.0,2
1454,1.3,2
225,7.3,2
2458,1.4000000000000001,2
1228,0.3,2
194,1.0,2
2818,11.799999999999999,2
3469,1.4000000000000001,2
2311,0.2,2
3728,4.6,2
2417,2.6,2
1034,3.4000000000000004,2
3110,10.6,2
2239,0.0,2
1591,9.0,2
2935,5.5,2
2824,2.3,2
1386,0.3,2
3034,0.3,2
1078,1.4000000000000001,2
3331,4.0,2
3932,1.0999999999999999,2
3807,1.6,2
1375,34.4,2
2475,11.899999999999999,2
1190,3.6999999999999997,2
2472,15.9,2
1121,0.3,2
2904,3.5999999999999996,2
3015,5.2,2
72,7.8,2
1415,1.0999999999999999,2
823,1.9,2
1865,1.5,2
3651,0.1,2
2959,0.4,2
499,0.8,2
2748,14.7,2
123,1.3,2
3586,27.800000000000004,2
3322,0.8999999999999999,2
1012,0.3,2
3847,5.2,2
3960,1.4000000000000001,2
1236,0.7000000000000001,2
2764,2.3,2
1408,7.1,2
1367,7.3,2
2082,11.600000000000001,2
2752,10.9,2
3948,9.1,2
3849,0.5,2
718,3.3000000000000003,2
3860,0.7000000000000001,2
515,1.7000000000000002,2
3119,0.7000000000000001,2
2070,8.6,2
2446,1.3,2
1968,2.4,2
1660,5.1,2
1628,3.2,2
2566,1.0,2
1011,1.3,2
285,6.1,2
2526,1.2,2
3136,8.3,2
95,4.9,2
811,0.2,2
693,6.800000000000001,2
263,0.7000000000000001,2
346,2.8000000000000003,2
2169,1.4000000000000001,2
1065,5.5,2
1112,2.4,2
1595,6.7,2
911,24.5,2
2102,0.8999999999999999,2
1593,7.7,2
2509,8.0,2
57,4.5,2
1111,0.8999999999999999,2
1145,1.9,2
3682,1.0999999999999999,2
65,17.2,2
1942,4.0,2
1972,5.8999999999999995,2
1341,2.9000000000000004,2
3481,2.5,2
3819,5.800000000000001,2
156,3.2,2
1087,1.5,2
3936,0.8,2
1318,8.0,2
869,3.4000000000000004,2
822,1.3,2
1247,1.0999999999999999,2
2909,1.3,2
2356,0.7000000000000001,2
183,4.2,2
3866,2.4,2
631,3.9,2
1580,3.5999999999999996,2
24,15.0,2
3212,5.5,2
665,22.8,2
1798,0.2,2
3716,14.899999999999999,2
3164,12.1,2
94,1.3,2
1330,1.5,2
690,8.7,2
1018,7.199999999999999,2
906,12.8,2
1873,2.8000000000000003,2
1387,0.7000000000000001,2
29,2.0,3
3099,0.4,3
116,2.3,3
1774,8.1,3
3834,8.6,3
274,4.2,3
3213,0.4,3
1605,0.3,3
3462,1.4000000000000001,3
1900,16.7,3
782,0.6,3
3921,10.9,3
654,2.1999999999999997,3
3817,13.4,3
2572,11.600000000000001,3
1356,2.1,3
1664,0.3,3
2933,1.6,3
1136,3.9,3
1757,1.2,3
681,1.7000000000000002,3
2758,0.8999999999999999,3
1616,1.3,3
3505,5.7,3
2736,0.8999999999999999,3
3246,0.7000000000000001,3
3520,1.0,3
3771,0.4,3
102,2.4,3
2567,3.1,3
2020,5.2,3
905,10.8,3
3167,18.9,3
488,2.1,3
2640,0.4,3
2651,1.7000000000000002,3
3758,7.3999999999999995,3
878,19.5,3
1242,0.1,3
3804,1.7999999999999998,3
2214,4.3,3
838,2.5,3
2974,1.0,3
1057,2.8000000000000003,3
3069,3.2,3
1484,5.4,3
218,4.3999999999999995,3
2794,8.5,3
2983,3.9,3
572,4.9,3
2883,1.5,3
2027,6.1,3
3466,2.6,3
1165,8.3,3
2734,2.4,3
1983,0.8999999999999999,3
669,3.9,3
1185,0.5,3
1527,2.1999999999999997,3
2433,2.3,3
3066,0.8,3
1697,20.7,3
383,1.7000000000000002,3
1710,4.9,3
3588,22.900000000000002,3
336,0.8999999999999999,3
2571,0.5,3
596,27.700000000000003,3
2467,2.3,3
3735,6.5,3
2400,1.5,3
857,4.7,3
1687,2.1,3
1758,0.6,3
2997,11.4,3
2038,10.0,3
2502,3.1,3
1695,3.3000000000000003,3
48,4.9,3
760,23.599999999999998,3
396,3.5000000000000004,3
2182,1.5,3
768,2.0,3
169,39.300000000000004,3
808,2.7,3
2600,3.8,3
3028,10.8,3
1765,3.2,3
3999,4.8,3
3295,7.3999999999999995,3
979,4.2,3
2980,0.8999999999999999,3
173,10.299999999999999,3
3765,3.6999999999999997,3
2000,4.8,3
2831,0.8,3
500,3.9,3
2004,6.1,3
3763,5.1,3
2179,6.6000000000000005,3
2916,2.1999999999999997,3
2753,6.6000000000000005,3
84,0.1,3
2688,4.3999999999999995,3
2348,8.200000000000001,3
1320,0.5,3
2498,1.6,3
3238,4.0,3
2184,2.1999999999999997,3
2504,6.5,3
3785,3.0,3
3911,1.2,3
1855,7.3999999999999995,3
3895,0.3,3
3065,4.3999999999999995,3
358,0.3,3
1469,3.4000000000000004,3
2063,5.0,3
3021,3.6999999999999997,3
1234,3.4000000000000004,3
1105,1.7999999999999998,3
3485,2.3,3
2361,9.5,3
343,3.5999999999999996,3
932,15.7,3
3546,0.8,3
826,5.2,3
3051,11.600000000000001,3
2856,3.8,3
2970,4.1000000000000005,3
1669,10.6,3
1113,3.4000000000000004,3
1513,14.899999999999999,3
2913,0.8,3
159,6.4,3
2939,2.3,3
3023,3.8,3
3184,3.3000000000000003,3
3382,2.1,3
2157,21.8,3
3793,2.4,3
2349,6.800000000000001,3
1649,7.7,3
1945,1.7999999999999998,3
2012,3.4000000000000004,3
1621,5.4,3
3187,0.8,3
601,10.9,3
1250,6.3,3
408,2.4,3
302,5.7,3
390,7.7,3
602,2.1,3
3872,5.800000000000001,3
1181,4.3999999999999995,3
1754,7.199999999999999,3
1934,2.4,3
1389,2.1999999999999997,3
75,4.6,3
3944,6.6000000000000005,3
138,2.9000000000000004,3
3458,2.0,3
100,2.8000000000000003,3
1648,2.4,3
3365,7.000000000000001,3
2957,7.7,3
862,1.4000000000000001,3
90,0.8999999999999999,3
2770,3.4000000000000004,3
2875,12.7,3
872,1.5,3
3191,5.800000000000001,3
3968,4.3999999999999995,3
558,0.7000000000000001,3
783,20.200000000000003,3
3976,3.3000000000000003,3
3318,0.6,3
1347,10.9,3
430,2.4,3
3006,1.7999999999999998,3
3955,0.7000000000000001,3
3159,1.6,3
2508,10.8,3
3494,4.6,3
2847,8.799999999999999,3
3870,5.5,3
3915,1.0,3
3495,38.800000000000004,3
2604,10.8,3
1556,2.9000000000000004,3
2619,5.800000000000001,3
2533,2.0,3
1617,6.5,3
3801,6.0,3
1510,1.6,3
2151,6.4,3
378,2.7,3
586,0.7000000000000001,3
437,7.9,3
3733,5.6000000000000005,3
2990,6.3,3
2096,4.1000000000000005,3
8,4.6,3
650,1.0999999999999999,3
574,0.5,3
1734,2.5,3
2714,5.3,3
3722,1.0999999999999999,3
3333,0.8999999999999999,3
1917,1.7999999999999998,3
2722,2.4,3
2700,3.2,3
1938,6.5,3
1492,0.6,3
1790,3.0,3
3228,5.7,3
2434,1.5,3
2880,0.8999999999999999,3
248,1.5,3
1257,0.4,3
1726,1.0,3
2489,10.4,3
683,0.5,3
587,2.6,3
2772,14.299999999999999,3
62,1.5,3
2841,9.9,3
2175,2.5,3
2303,5.7,3
3995,0.4,3
2514,18.0,3
2274,0.5,3
702,8.4,3
2129,4.3,3
3706,1.9,3
184,0.5,3
1700,3.6999999999999997,3
3555,9.9,3
756,1.7999999999999998,3
3189,4.1000000000000005,3
38,6.1,3
103,1.2,3
554,12.7,3
1512,1.0999999999999999,3
309,1.4000000000000001,3
2409,11.600000000000001,3
594,4.1000000000000005,3
2042,2.9000000000000004,3
1332,2.6,3
2095,2.4,3
32,4.6,3
199,1.2,3
1342,15.299999999999999,3
1160,5.0,3
2065,1.5,3
1107,1.7999999999999998,3
2947,7.3,3
120,13.0,3
486,21.2,3
3456,0.7000000000000001,3
1543,4.0,3
644,10.4,3
719,0.8,3
367,0.2,3
1047,3.6999999999999997,3
177,1.2,3
1505,0.6,3
640,6.9,3
188,1.9,3
3604,2.1999999999999997,3
1600,0.7000000000000001,3
2522,1.0,3
867,2.1,3
2976,1.3,3
1286,11.3,3
1308,8.0,3
2329,2.3,3
1622,5.5,3
643,2.9000000000000004,3
3664,1.0,3
2481,1.3,3
1511,2.7,3
3436,42.8,3
3390,14.6,3
3133,0.1,3
3558,1.7999999999999998,3
1148,9.2,3
2156,0.8999999999999999,3
917,1.0999999999999999,3
1619,1.3,3
3101,1.3,3
108,8.6,3
1338,6.6000000000000005,3
2024,1.0,3
3795,1.4000000000000001,3
3339,0.5,3
2536,0.3,3
2857,4.3999999999999995,3
3296,13.700000000000001,3
1445,0.4,3
1194,11.600000000000001,3
2141,8.799999999999999,3
2587,3.5000000000000004,3
3222,10.5,3
193,9.8,3
1297,1.3,3
1233,1.9,3
1084,3.6999999999999997,3
620,3.6999999999999997,3
3569,6.0,3
632,0.5,3
1517,2.0,3
3285,0.8,3
1743,0.6,3
270,2.7,3
2426,1.6,3
793,8.200000000000001,3
1075,14.2,3
3920,4.1000000000000005,3
3183,15.8,3
2664,2.3,3
3370,1.3,3
3916,3.8,3
3883,1.4000000000000001,3
3800,2.0,3
3937,0.7000000000000001,3
3140,30.4,3
1207,1.7999999999999998,3
1070,9.9,3
1412,15.4,3
1255,1.9,3
1950,2.1,3
1560,1.7999999999999998,3
374,1.3,3
852,5.3,3
3340,2.1,3
739,2.9000000000000004,3
2623,3.4000000000000004,3
2389,1.9,3
1383,2.9000000000000004,3
269,9.700000000000001,3
2431,3.1,3
2812,0.7000000000000001,3
970,1.2,3
2378,2.9000000000000004,3
3619,9.2,3
1859,1.5,3
3479,12.9,3
251,0.6,3
2369,3.0,3
2133,1.5,3
843,0.5,3
3102,3.2,3
3516,4.3,3
3225,3.4000000000000004,3
3538,19.2,3
1547,1.4000000000000001,3
3437,5.5,3
898,0.3,3
1959,2.0,3
3168,3.9,3
202,3.4000000000000004,3
3543,2.1999999999999997,3
1183,3.3000000000000003,3
1704,0.4,3
2677,0.5,3
1561,6.4,3
2139,2.4,3
3945,2.8000000000000003,3
618,1.0,3
1218,8.5,3
416,7.000000000000001,3
588,22.2,3
2270,4.0,3
1670,1.0,3
2672,2.5,3
518,7.6,3
909,8.1,3
1490,10.2,3
1351,0.5,3
3200,2.6,3
1245,8.0,3
674,2.8000000000000003,3
152,11.799999999999999,3
730,9.9,3
1046,10.4,3
345,2.1,3
531,0.5,3
1741,2.0,3
2999,4.0,3
405,29.4,3
109,2.3,3
1805,4.5,3
1211,4.3,3
3942,1.0999999999999999,3
2302,11.3,3
3712,5.0,3
27,1.4000000000000001,3
387,3.5000000000000004,3
682,6.1,3
2078,1.0999999999999999,3
149,1.9,3
2946,2.0,3
2202,11.0,3
3012,11.0,3
21,5.800000000000001,3
1545,1.6,3
1673,9.8,3
327,0.3,3
2881,3.0,3
2416,2.4,3
97,11.799999999999999,3
839,6.1,3
1392,3.2,3
876,2.0,3
3669,15.4,3
3762,2.5,3
3330,3.6999999999999997,3
3714,1.0999999999999999,3
3020,8.799999999999999,3
3406,10.100000000000001,3
529,4.3999999999999995,3
1676,12.1,3
2312,3.6999999999999997,3
1707,6.7,3
1776,1.9,3
1941,3.1,3
66,5.4,3
2800,3.9,3
3498,3.5000000000000004,3
2993,2.1,3
3255,0.6,3
1998,15.0,3
1785,8.3,3
497,0.1,3
2076,19.7,3
2282,0.8,3
33,1.0,3
1052,1.7999999999999998,3
3148,3.5000000000000004,3
415,1.0999999999999999,3
3468,1.2,3
855,5.5,3
2105,9.6,3
1598,9.5,3
700,3.6999999999999997,3
1358,1.7000000000000002,3
3979,1.6,3
3853,4.5,3
2919,4.6,3
3956,3.3000000000000003,3
1251,5.2,3
3985,3.0,3
1925,8.6,3
708,0.7000000000000001,3
222,2.6,3
2176,3.4000000000000004,3
3700,3.0,3
2811,0.8999999999999999,3
282,1.7000000000000002,3
353,1.0999999999999999,3
1620,1.3,3
1694,11.600000000000001,3
1256,7.1,3
2246,2.0,3
3100,0.2,3
3749,3.9,3
3630,9.8,3
3969,1.5,3
2149,1.6,3
3271,3.0,3
527,0.4,3
3326,3.4000000000000004,3
3593,10.299999999999999,3
974,1.9,3
1656,6.6000000000000005,3
375,24.099999999999998,3
725,1.0,3
1493,12.8,3
2262,3.3000000000000003,3
3272,0.5,3
1315,9.1,3
2849,4.9,3
340,2.0,3
1331,0.6,3
1679,6.800000000000001,3
3858,1.7999999999999998,3
3884,2.0,3
2079,7.000000000000001,3
440,9.4,3
1037,0.4,3
1476,8.6,3
1550,0.2,3
792,0.7000000000000001,3
1663,3.8,3
847,16.900000000000002,3
3410,3.6999999999999997,3
2137,2.5,3
2570,1.6,3
1224,2.1,3
987,10.299999999999999,3
2743,1.4000000000000001,3
1986,6.9,3
92,12.7,3
3518,1.6,3
2122,16.5,3
3438,1.0,3
3308,4.0,3
3738,1.0999999999999999,3
3882,0.6,3
1961,1.3,3
607,0.8,3
969,0.4,3
2499,18.099999999999998,3
3832,6.6000000000000005,3
3050,8.7,3
2994,1.6,3
1434,10.100000000000001,3
3147,1.0,3
950,1.9,3
1263,6.800000000000001,3
2742,5.0,3
2288,1.3,3
1749,0.2,3
252,0.2,3
2840,7.000000000000001,3
2068,5.2,3
1336,5.2,3
3419,0.6,3
467,0.4,3
63,1.7999999999999998,3
39,2.1999999999999997,3
785,4.1000000000000005,3
3880,16.2,3
3886,2.1,3
3964,5.5,3
3590,26.200000000000003,3
698,1.2,3
687,5.7,3
1554,1.6,3
201,11.3,3
3413,1.4000000000000001,3
1926,8.1,3
3429,9.2,3
1166,9.2,3
1316,2.7,3
1241,3.4000000000000004,3
1991,0.8,3
2094,3.4000000000000004,3
3676,1.3,3
3688,0.6,3
3908,8.7,3
3681,6.1,3
2412,14.799999999999999,3
203,12.4,3
2996,2.6,3
2865,4.9,3
1899,0.3,3
2515,0.7000000000000001,3
1155,14.099999999999998,3
2788,11.0,3
1042,5.4,3
1481,2.1,3
1910,7.7,3
398,5.0,3
1323,1.7000000000000002,3
1144,8.9,3
3811,1.7999999999999998,3
842,2.1999999999999997,3
3550,3.6999999999999997,3
2297,1.9,3
299,1.2,3
1555,11.799999999999999,3
3828,0.7000000000000001,3
1907,10.299999999999999,3
1455,0.5,3
1791,1.4000000000000001,3
492,3.4000000000000004,3
2316,1.3,3
1951,1.6,3
2912,1.9,3
34,1.0,3
2301,1.0999999999999999,3
1313,4.7,3
921,1.9,3
3927,0.3,3
724,14.099999999999998,3
316,16.6,3
3842,1.0,3
1635,1.6,3
2483,8.5,3
3931,5.6000000000000005,3
1427,4.7,3
3952,3.2,3
2451,1.7000000000000002,3
207,5.1,3
677,1.7999999999999998,3
585,7.5,3
2421,0.8999999999999999,3
3342,2.3,3
3774,2.1999999999999997,3
2188,3.1,3
736,9.9,3
1681,0.2,3
3372,9.1,3
605,1.0,3
1259,7.3,3
1955,9.4,3
773,2.7,3
521,0.8,3
1803,8.9,3
3521,3.4000000000000004,3
2892,0.1,3
414,1.2,3
919,2.4,3
774,8.0,3
1572,1.6,3
1987,4.1000000000000005,3
3887,12.3,3
498,3.2,3
1984,0.2,3
2802,1.3,3
3377,4.7,3
508,3.5999999999999996,3
2550,3.8,3
2359,1.7000000000000002,3
3482,1.7999999999999998,3
1736,10.6,3
3266,1.3,3
192,1.5,3
1766,10.2,3
1954,1.0999999999999999,3
1006,2.0,3
545,5.3,3
2099,25.3,3
191,1.7000000000000002,3
3040,0.7000000000000001,3
995,0.8999999999999999,3
83,1.7999999999999998,3
3670,2.4,3
1023,2.5,3
1691,0.8999999999999999,3
3421,0.3,3
1575,2.8000000000000003,3
2832,0.5,3
3173,14.499999999999998,3
3137,2.6,3
3204,1.0999999999999999,3
672,13.700000000000001,3
2531,2.3,3
3416,6.4,3
1480,2.6,3
2113,0.8,3
3298,3.1,3
2363,5.5,3
2118,4.3999999999999995,3
3417,8.7,3
3380,8.200000000000001,3
214,1.9,3
1204,8.0,3
1130,13.200000000000001,3
464,1.7000000000000002,3
1068,1.7999999999999998,3
286,4.3999999999999995,3
2810,5.4,3
3768,3.0,3
623,10.5,3
3949,4.1000000000000005,3
1612,0.2,3
3924,9.9,3
3420,4.2,3
3088,1.0999999999999999,3
1049,10.7,3
3126,4.5,3
1541,14.2,3
468,31.3,3
3063,2.1,3
883,3.1,3
3707,10.9,3
1384,0.2,3
3383,2.0,3
1802,1.6,3
2017,0.8999999999999999,3
3632,5.2,3
952,1.4000000000000001,3
2223,2.6,3
982,1.6,3
2050,7.3,3
986,3.0,3
454,8.5,3
2928,4.1000000000000005,3
2607,3.1,3
493,3.5999999999999996,3
2825,5.0,3
3634,2.1999999999999997,3
1686,2.3,3
850,2.3,3
3214,10.8,3
2979,4.1000000000000005,3
2124,8.5,3
423,3.2,3
3705,1.5,3
1001,13.100000000000001,3
557,2.0,3
1494,19.400000000000002,3
1184,1.0999999999999999,3
2673,0.2,3
2901,5.6000000000000005,3
1651,2.3,3
3947,2.3,3
3323,16.900000000000002,3
1016,5.8999999999999995,3
3274,17.2,3
2676,18.8,3
3656,1.0999999999999999,3
189,3.1,3
3105,9.1,3
46,5.1,3
2374,4.1000000000000005,3
3258,6.2,3
3982,1.2,3
2774,2.3,3
1725,2.1999999999999997,3
2549,7.3999999999999995,3
3798,25.5,3
3400,9.2,3
2917,9.700000000000001,3
3459,1.9,3
3078,6.0,3
2305,2.9000000000000004,3
404,3.6999999999999997,3
2577,0.8,3
2591,3.4000000000000004,3
729,14.7,3
136,1.7999999999999998,3
96,2.9000000000000004,3
2961,3.1,3
749,11.700000000000001,3
3409,0.3,3
2127,6.0,3
2511,1.4000000000000001,3
3595,12.0,3
579,18.7,3
2765,0.5,3
1301,10.8,3
3859,0.8999999999999999,3
1355,1.0999999999999999,3
3487,15.7,3
578,1.0999999999999999,3
496,0.8999999999999999,3
2448,1.9,3
2368,1.4000000000000001,3
935,0.8999999999999999,3
3025,9.5,3
2740,1.7000000000000002,3
551,5.0,3
1489,3.4000000000000004,3
2900,7.5,3
3388,1.7999999999999998,3
2354,4.0,3
1643,10.0,3
2089,10.9,3
2101,1.7999999999999998,3
2460,0.0,3
1410,3.5000000000000004,3
571,1.4000000000000001,3
2548,10.100000000000001,3
638,1.9,3
2310,3.4000000000000004,3
1877,2.7,3
2963,2.6,3
3358,10.9,3
626,1.9,3
490,4.6,3
2985,2.1,3
559,1.2,3
2196,7.8,3
1521,1.7000000000000002,3
3477,3.6999999999999997,3
3150,3.8,3
2783,4.3,3
777,1.0,3
3862,3.0,3
997,3.5000000000000004,3
3075,2.7,3
3900,1.2,3
2621,2.1999999999999997,3
1893,6.2,3
3221,4.6,3
1688,5.1,3
707,3.5999999999999996,3
2269,9.9,3
1690,6.1,3
3424,1.7000000000000002,3
3371,0.8,3
709,10.299999999999999,3
3423,2.3,3
3061,8.7,3
466,9.700000000000001,3
1528,7.6,3
2592,1.0999999999999999,4
3138,2.1,4
2103,1.0,4
3008,3.5999999999999996,4
1058,3.5000000000000004,4
1999,3.5999999999999996,4
284,2.1,4
1834,8.799999999999999,4
431,5.6000000000000005,4
384,5.7,4
880,0.8999999999999999,4
3907,3.0,4
3171,1.6,4
373,0.6,4
3071,2.8000000000000003,4
649,3.9,4
1993,0.5,4
2376,3.1,4
1352,23.799999999999997,4
1377,4.2,4
715,3.8,4
1931,1.0,4
1692,3.3000000000000003,4
3013,9.2,4
3605,2.9000000000000004,4
2560,0.7000000000000001,4
1462,14.399999999999999,4
3178,1.6,4
1074,4.0,4
429,2.1999999999999997,4
977,7.8,4
3618,5.0,4
128,7.9,4
1152,4.8,4
663,1.3,4
944,1.5,4
1430,1.7999999999999998,4
2885,4.2,4
1915,6.3,4
1532,3.2,4
1116,9.9,4
1106,1.5,4
1508,11.5,4
2613,0.8999999999999999,4
1231,4.1000000000000005,4
1655,10.6,4
3504,0.5,4
2284,5.0,4
3064,3.5999999999999996,4
3696,9.0,4
612,29.099999999999998,4
1661,2.4,4
925,2.3,4
577,1.0,4
1627,5.4,4
2756,12.9,4
315,11.4,4
3902,4.1000000000000005,4
833,3.9,4
1240,2.8000000000000003,4
537,6.1,4
2747,2.5,4
3708,14.099999999999998,4
2318,2.7,4
2558,2.5,4
419,14.099999999999998,4
2867,1.5,4
3868,6.2,4
2147,9.9,4
656,10.6,4
1866,1.6,4
2238,1.0999999999999999,4
763,2.5,4
2805,6.9,4
2833,1.0,4
2003,4.5,4
3808,0.5,4
3881,0.6,4
3823,6.5,4
845,7.6,4
153,4.0,4
1003,2.9000000000000004,4
3157,2.5,4
1714,19.3,4
121,99.0,4
3876,0.7000000000000001,4
2403,2.0,4
2233,5.5,4
2561,8.6,4
1590,1.9,4
334,5.2,4
1849,3.5000000000000004,4
288,1.0999999999999999,4
2891,0.5,4
219,5.2,4
244,4.5,4
281,6.9,4
1189,2.3,4
530,1.5,4
2986,0.6,4
2906,1.2,4
2231,6.7,4
2469,14.6,4
2898,3.2,4
161,0.8999999999999999,4
357,1.0999999999999999,4
2777,5.3,4
3939,3.3000000000000003,4
1496,2.4,4
580,1.7999999999999998,4
3790,1.9,4
1652,3.0,4
790,0.8,4
165,4.9,4
3059,1.7999999999999998,4
2809,2.3,4
182,2.9000000000000004,4
3217,3.9,4
1161,3.4000000000000004,4
1838,0.3,4
1808,2.3,4
3273,2.1,4
990,0.4,4
2733,8.200000000000001,4
3001,2.4,4
2629,6.5,4
236,8.1,4
1537,1.7999999999999998,4
296,0.3,4
2915,1.7999999999999998,4
359,7.5,4
3311,4.2,4
3754,0.8999999999999999,4
1237,2.5,4
3914,4.6,4
3933,14.2,4
1159,9.8,4
2455,1.6,4
3992,2.4,4
2313,1.3,4
2822,8.3,4
1372,2.9000000000000004,4
1452,1.6,4
2554,4.3,4
3687,2.4,4
3946,4.7,4
458,1.3,4
2653,8.6,4
2894,3.1,4
3885,4.1000000000000005,4
2112,0.8999999999999999,4
3713,4.0,4
3009,7.8,4
2073,1.9,4
61,3.6999999999999997,4
1949,1.0,4
308,11.200000000000001,4
1497,12.4,4
2088,3.5000000000000004,4
2276,0.8,4
3826,5.1,4
994,2.5,4
58,2.3,4
2013,5.8999999999999995,4
1353,7.8,4
956,6.3,4
445,0.6,4
441,10.100000000000001,4
119,8.3,4
2059,3.0,4
2492,0.3,4
1573,4.2,4
809,2.1,4
1143,1.0,4
1940,1.9,4
3387,2.4,4
3134,18.9,4
3680,2.6,4
379,0.3,4
2328,4.3,4
2918,2.3,4
1309,10.6,4
817,5.6000000000000005,4
2682,11.899999999999999,4
3833,1.9,4
2290,1.0,4
371,0.4,4
409,0.4,4
1796,1.5,4
2334,1.9,4
2298,2.1,4
3024,1.4000000000000001,4
781,1.3,4
3384,4.3999999999999995,4
978,4.0,4
2854,3.3000000000000003,4
1073,6.1,4
3,20.7,4
1210,3.2,4
1936,2.3,4
2402,3.6999999999999997,4
1219,2.8000000000000003,4
3181,2.5,4
1200,2.1,4
3965,10.5,4
3703,1.5,4
975,4.3999999999999995,4
2606,2.9000000000000004,4
2108,7.199999999999999,4
59,0.7000000000000001,4
633,1.4000000000000001,4
229,3.3000000000000003,4
196,5.1,4
13,2.5,4
2978,1.3,4
1215,2.1999999999999997,4
2422,3.9,4
1557,4.5,4
3675,19.900000000000002,4
80,44.1,4
1149,2.1,4
1533,0.4,4
3584,4.5,4
1558,0.2,4
3449,1.0999999999999999,4
3392,0.3,4
3552,5.800000000000001,4
3646,12.7,4
1799,8.0,4
1394,12.3,4
836,1.4000000000000001,4
2665,7.3999999999999995,4
3206,0.8999999999999999,4
3701,2.5,4
2534,23.3,4
2582,3.3000000000000003,4
3230,0.4,4
52,0.8999999999999999,4
1110,3.6999999999999997,4
1197,1.0,4
3667,1.9,4
1378,14.499999999999998,4
1846,2.6,4
1637,6.4,4
1014,7.9,4
3135,1.9,4
479,2.1,4
382,8.0,4
1534,0.3,4
3011,5.2,4
767,1.6,4
3077,9.9,4
1238,3.3000000000000003,4
722,1.0999999999999999,4
1891,1.7999999999999998,4
2373,12.0,4
3052,0.8999999999999999,4
3512,0.3,4
2517,12.5,4
255,6.4,4
1724,9.8,4
660,2.4,4
3192,0.6,4
2836,1.4000000000000001,4
3829,4.6,4
3824,0.8999999999999999,4
2333,6.9,4
1956,2.9000000000000004,4
1775,4.3999999999999995,4
2924,1.5,4
3277,5.1,4
140,4.3999999999999995,4
3511,4.8,4
770,12.9,4
436,0.5,4
786,6.3,4
3958,3.0,4
3750,1.3,4
684,24.8,4
297,8.200000000000001,4
2358,33.0,4
2411,0.7000000000000001,4
1831,3.8,4
841,2.1,4
287,0.3,4
241,0.4,4
482,11.3,4
2178,10.4,4
1923,1.4000000000000001,4
2249,0.7000000000000001,4
1745,19.0,4
2634,5.6000000000000005,4
2047,0.8999999999999999,4
2442,2.9000000000000004,4
477,2.0,4
1730,1.2,4
3017,4.7,4
2330,5.2,4
3300,2.8000000000000003,4
1008,3.5999999999999996,4
1963,11.899999999999999,4
1755,1.3,4
1729,2.0,4
688,0.6,4
1705,2.0,4
69,0.4,4
2123,10.6,4
68,2.1999999999999997,4
2478,9.0,4
2136,2.7,4
746,3.8,4
2870,1.0999999999999999,4
750,12.2,4
3241,1.0999999999999999,4
2563,6.3,4
3315,1.3,4
3614,2.1999999999999997,4
3674,1.4000000000000001,4
1381,0.4,4
3685,0.7000000000000001,4
89,1.0,4
727,0.8,4
3786,1.5,4
2144,3.6999999999999997,4
2052,3.3000000000000003,4
2476,2.4,4
2116,8.9,4
2528,2.0,4
60,2.6,4
1814,20.8,4
3430,4.3,4
115,2.4,4
1191,3.6999999999999997,4
1253,10.7,4
1391,2.0,4
2321,2.0,4
3186,9.8,4
2807,9.5,4
3732,2.5,4
275,5.0,4
1108,1.9,4
849,3.4000000000000004,4
1379,1.4000000000000001,4
221,6.3,4
1422,1.0,4
209,6.0,4
565,17.1,4
179,2.7,4
3278,2.8000000000000003,4
3509,0.4,4
3699,0.4,4
2362,2.7,4
1611,1.6,4
1359,2.5,4
2519,1.0999999999999999,4
3501,6.4,4
1888,0.1,4
3356,3.3000000000000003,4
3018,2.0,4
1800,1.4000000000000001,4
962,2.4,4
1177,8.5,4
2199,2.1,4
1101,1.3,4
1610,4.0,4
1303,1.3,4
1981,15.1,4
329,1.3,4
322,3.2,4
76,1.3,4
1022,1.5,4
2618,1.3,4
1327,2.7,4
444,8.0,4
1306,2.8000000000000003,4
3522,4.1000000000000005,4
1499,2.0,4
2493,1.3,4
1909,1.0,4
2097,0.3,4
2532,5.6000000000000005,4
1935,6.800000000000001,4
1742,8.3,4
1225,7.1,4
3608,5.0,4
1325,2.7,4
3657,2.7,4
1933,0.8,4
1031,1.2,4
2670,0.7000000000000001,4
1588,0.8999999999999999,4
3038,3.5000000000000004,4
355,2.4,4
2791,1.0999999999999999,4
1122,0.6,4
2041,3.1,4
2593,0.5,4
2066,3.9,4
473,1.6,4
3702,1.5,4
3103,1.7000000000000002,4
1460,7.9,4
81,0.7000000000000001,4
157,4.9,4
1448,1.3,4
3169,0.3,4
2009,0.4,4
2174,2.1,4
3352,11.5,4
973,7.199999999999999,4
1594,1.0999999999999999,4
402,1.9,4
3757,5.8999999999999995,4
3083,1.4000000000000001,4
3435,3.5999999999999996,4
743,0.5,4
3007,1.4000000000000001,4
2193,0.8,4
1357,1.3,4
1764,4.5,4
2631,3.3000000000000003,4
1426,4.3,4
2338,2.4,4
2964,8.6,4
568,5.2,4
338,7.7,4
1678,5.3,4
1205,5.2,4
603,2.5,4
3589,4.3999999999999995,4
2601,20.9,4
3536,1.9,4
1333,3.6999999999999997,4
2380,0.6,4
1976,0.7000000000000001,4
3799,8.4,4
3709,2.1999999999999997,4
1835,2.0,4
356,9.5,4
3364,6.9,4
1216,5.8999999999999995,4
3270,1.0999999999999999,4
2887,3.5000000000000004,4
776,2.7,4
1275,0.5,4
1720,1.4000000000000001,4
2011,8.4,4
3922,5.5,4
1874,1.2,4
2177,8.4,4
1473,5.4,4
1329,2.1999999999999997,4
627,0.8,4
1827,2.3,4
1654,1.2,4
3193,1.0999999999999999,4
1085,17.0,4
3653,0.5,4
151,6.1,4
2940,1.0999999999999999,4
1752,3.0,4
1833,2.3,4
2943,2.0,4
1202,3.0,4
2205,1.4000000000000001,4
2424,2.1999999999999997,4
3350,20.8,4
3247,0.6,4
1406,18.9,4
277,4.0,4
2187,4.2,4
1167,18.5,4
3232,0.8999999999999999,4
3574,2.4,4
1360,7.199999999999999,4
3796,2.1999999999999997,4
937,9.0,4
3329,7.000000000000001,4
2051,3.9,4
734,0.8999999999999999,4
77,8.1,4
945,30.7,4
861,9.4,4
939,13.5,4
1468,2.3,4
1531,7.000000000000001,4
675,0.5,4
1024,8.1,4
2827,1.6,4
1518,10.0,4
391,8.7,4
1584,2.7,4
2751,0.2,4
1841,3.3000000000000003,4
2510,1.5,4
1892,4.2,4
2152,2.4,4
210,2.3,4
887,2.4,4
2853,1.2,4
1641,8.9,4
1066,2.6,4
1089,2.4,4
3788,1.3,4
1296,0.5,4
3686,12.5,4
1576,9.0,4
3307,1.0999999999999999,4
2019,12.3,4
3906,1.7999999999999998,4
1551,0.3,4
469,0.6,4
1979,9.4,4
453,1.7000000000000002,4
2636,5.3,4
1828,13.5,4
3290,8.3,4
3721,3.2,4
1135,1.9,4
195,1.9,4
3693,9.2,4
1608,2.4,4
679,2.1,4
85,17.299999999999997,4
2237,8.0,4
3715,3.5999999999999996,4
394,4.0,4
417,9.8,4
1281,2.3,4
55,6.3,4
873,3.9,4
844,5.8999999999999995,4
1636,4.7,4
2413,5.1,4
2580,1.4000000000000001,4
1002,13.100000000000001,4
3045,0.8999999999999999,4
1825,9.3,4
519,3.5000000000000004,4
761,0.2,4
2098,6.3,4
1815,1.5,4
2581,2.0,4
1767,0.4,4
2145,5.4,4
1282,5.6000000000000005,4
3108,13.3,4
2816,2.9000000000000004,4
2539,7.8,4
617,1.6,4
399,4.1000000000000005,4
1882,1.0,4
916,0.6,4
2934,7.6,4
143,0.2,4
3650,2.4,4
1102,0.7000000000000001,4
2244,0.8,4
1771,0.7000000000000001,4
1376,3.5999999999999996,4
3476,1.7999999999999998,4
3901,5.1,4
2869,1.0,4
1930,1.0,4
3443,2.4,4
1471,2.3,4
1684,0.1,4
3291,0.7000000000000001,4
3815,9.3,4
3302,1.6,4
283,19.900000000000002,4
2793,24.099999999999998,4
324,3.4000000000000004,4
2258,0.3,4
2241,7.199999999999999,4
3950,1.0,4
2851,2.8000000000000003,4
1345,4.6,4
1417,3.2,4
1028,7.1,4
2150,2.1999999999999997,4
3541,0.8,4
927,0.4,4
2379,0.7000000000000001,4
1304,2.1999999999999997,4
704,4.0,4
3473,2.5,4
3599,2.0,4
171,10.9,4
175,2.4,4
3573,4.8,4
3743,0.8999999999999999,4
3363,1.7999999999999998,4
866,0.6,4
3125,8.6,4
3535,6.1,4
2104,3.4000000000000004,4
233,7.6,4
2415,4.3999999999999995,4
2723,0.5,4
31,4.9,4
3185,6.6000000000000005,4
1446,1.0,4
778,1.5,4
1996,6.800000000000001,4
3988,4.8,4
1613,2.8000000000000003,4
2206,12.7,4
2968,0.1,4
3615,1.7999999999999998,4
3564,1.3,4
2731,23.1,4
2352,6.5,4
2965,0.4,4
1019,0.8,4
1525,8.3,4
3756,7.3,4
167,1.9,4
976,2.0,4
1574,1.0,4
3978,2.6,4
604,7.7,4
870,4.2,4
3514,18.5,4
1097,7.000000000000001,4
745,3.1,4
3335,5.3,4
2218,7.3,4
1748,1.0,4
295,0.4,4
257,1.5,4
1839,0.6,4
407,2.0,4
3778,5.6000000000000005,4
2545,21.3,4
3840,2.1999999999999997,4
2158,0.4,4
1947,10.9,4
2477,0.5,4
3381,0.7000000000000001,4
2395,2.6,4
2232,1.2,4
3180,7.199999999999999,4
2132,1.0,4
2609,2.3,4
1246,2.4,4
3491,1.3,4
71,3.1,4
1703,0.8999999999999999,4
798,0.4,4
946,0.1,4
2336,5.8999999999999995,4
1294,13.8,4
2022,6.2,4
1262,8.4,4
2942,0.8,4
380,6.800000000000001,4
2866,10.7,4
1552,11.0,4
2045,0.2,4
2698,31.7,4
3304,4.5,4
1482,2.0,4
3111,6.5,4
3313,7.3999999999999995,4
3467,7.9,4
2081,2.9000000000000004,4
3642,1.7000000000000002,4
1100,16.3,4
1209,0.4,4
827,5.0,4
3912,2.9000000000000004,4
204,2.1999999999999997,4
892,4.3,4
226,3.5000000000000004,4
2555,3.5000000000000004,4
2666,0.8,4
1957,1.7999999999999998,4
2028,0.5,4
2704,1.2,4
2948,5.5,4
1062,1.4000000000000001,4
3891,5.2,4
835,1.5,4
3515,4.8,4
2164,7.8,4
2991,2.3,4
2652,33.300000000000004,4
1717,13.0,4
3226,18.9,4
3197,4.3,4
1624,0.6,4
854,2.9000000000000004,4
2294,2.6,4
1970,3.4000000000000004,4
2314,6.3,4
144,5.4,4
2327,3.1,4
748,1.6,4
2257,13.700000000000001,4
3792,5.0,4
2216,16.400000000000002,4
963,9.1,4
2033,0.7000000000000001,4
3973,2.7,4
3461,2.1999999999999997,4
3747,4.8,4
3600,1.2,4
2557,7.6,4
1577,2.9000000000000004,4
240,4.7,4
3741,2.4,4
1092,1.9,4
1716,4.0,4
1035,2.8000000000000003,4
3837,1.7000000000000002,4
2594,1.7999999999999998,4
3224,11.4,4
3338,2.8000000000000003,4
2155,1.7999999999999998,4
1243,0.7000000000000001,4
3082,1.6,4
1289,0.8,4
1659,0.1,4
3551,8.1,4
3032,5.5,4
352,2.0,4
3162,5.7,4
125,0.7000000000000001,4
2077,8.799999999999999,4
3386,3.5999999999999996,4
1083,28.499999999999996,4
2273,4.6,4
2633,2.0,4
506,1.9,4
3527,0.5,4
2737,0.8,4
3659,0.3,4
3760,8.0,4
2739,2.8000000000000003,4
3643,1.0,4
2614,4.3999999999999995,4
1213,2.5,4
2500,0.0,4
3844,4.1000000000000005,4
1553,1.2,4
410,0.5,4
3415,5.8999999999999995,4
10,2.0,4
1922,2.1999999999999997,4
3993,3.5000000000000004,4
520,3.4000000000000004,4
365,7.6,4
1633,37.1,4
3279,2.0,4
886,12.0,4
325,30.2,4
1124,1.4000000000000001,4
1965,1.5,4
3402,1.0999999999999999,4
1887,8.9,4
1273,11.5,4
834,0.6,4
3124,0.8,4
1365,0.8999999999999999,4
2390,5.4,4
1407,5.7,4
2197,2.7,4
686,0.4,4
3250,0.7000000000000001,4
1786,0.6,4
3252,8.6,4
2616,1.0,4
238,0.8,4
3047,6.5,4
624,3.1,4
2998,9.8,4
3202,6.2,4
1980,1.7000000000000002,4
903,0.4,4
1072,0.7000000000000001,4
3867,0.8,4
1744,0.3,4
3665,2.9000000000000004,4
2552,10.8,4
2086,1.2,4
3984,3.5999999999999996,4
471,2.3,4
1540,13.700000000000001,4
3609,3.2,4
2625,0.3,4
265,6.1,4
2897,4.8,4
3532,18.9,4
1291,2.4,4
2061,7.6,4
804,10.299999999999999,4
1283,1.7999999999999998,4
3726,2.1999999999999997,4
1623,3.8,4
